id,tokenable_type,tokenable_id,name,token,abilities
,App\Models\User,1,API TOKEN,ba0ae1a94609bc247af36287e621ac021eb29d9be5d2808906ecad7535a3bea9,"[""*""]"
,App\Models\User,2,API TOKEN,a18344d6f809fa29d2cd59f61e116fe2dbaae6786d59251873ca4d628f507abb,"[""*""]"
,App\Models\User,3,API TOKEN,1c73af2ab9ebd2af6f90703d1890b99b2a6e6de9b161af43ee011c5aa14064bc,"[""*""]"
,App\Models\User,4,API TOKEN,b89f50952d90669494c60766bbf940c354182c26fa4277c5b749c65264a6e361,"[""*""]"
,App\Models\User,5,API TOKEN,1357c917b986b0532af01171249da2fdff6bd2d9c01102d03fa781dd16845b9b,"[""*""]"
,App\Models\User,6,API TOKEN,30750ae0e452c8c5afcfa42aa1016a739f3b66af1755ff774c8cec85dc2e6693,"[""*""]"
,App\Models\User,7,API TOKEN,212984880755d8e58d90e3f3205f0e4e8c8341fe4c9e1011cb6025da5130e8f0,"[""*""]"
,App\Models\User,8,API TOKEN,a5923c1c677736d4f05f9e2fdf31546a7f497e828af563d4648fbab0c13506d7,"[""*""]"
,App\Models\User,9,API TOKEN,2b03928e4949a7630bd8c61f0105e55915fa720c356b09ea9453dd180cdf1779,"[""*""]"
,App\Models\User,10,API TOKEN,1c6a7fe9ba1d44afc783ca4d513604b4dac60bbbc6f0da43e2f43219bf207c91,"[""*""]"
,App\Models\User,11,API TOKEN,1d69fe7ff98fee5b998aa70a76a3a1ebc64925cf96b3dfa13189aba61eba77d0,"[""*""]"
,App\Models\User,12,API TOKEN,0c935dd98b6177142759c87c52ba2da1b7606d9de8e2d311cfd760a7d1ac665a,"[""*""]"
,App\Models\User,13,API TOKEN,6ac2f45fc129fe00369e8932d8e290a3b6fac2bd03de6f9e9c18eabf1edcd632,"[""*""]"
,App\Models\User,14,API TOKEN,6dbfc852bc72feea91c0a194e33096a07e80e163f1b94f953610d549de63320c,"[""*""]"
,App\Models\User,15,API TOKEN,8e2892b7cf53ef1f7999ff7c93f1c340d616dd91053bc07bba963d5b5aca5df3,"[""*""]"
,App\Models\User,16,API TOKEN,e43dc420a332806adb47dfb9da739e0e48b40b093dca5222790e2ff4b76a46bd,"[""*""]"
,App\Models\User,17,API TOKEN,0722886d84a3562fef90a6d9f2a46fb0b2cc9298312f3d03a72da40054cb0bdc,"[""*""]"
,App\Models\User,18,API TOKEN,75977c6478f3720054c103d07d0456cb44d17192ad25d3306bb629e93eb5e690,"[""*""]"
,App\Models\User,19,API TOKEN,0e22a65456431031c6c05f30f2b74b6a7137a7518e60a47bb4886b57d0858191,"[""*""]"
,App\Models\User,20,API TOKEN,963987b82e02fa89035773917e3de2f658914e8a909cc68eb9b60ddf9b13142e,"[""*""]"
,App\Models\User,21,API TOKEN,14ee1ac50599025c296e41bfbf326288139a37f27ba8d8ce5e6e21d772ca2bf2,"[""*""]"
,App\Models\User,22,API TOKEN,36aa8499d5d9585f59f28dc2fc83d0e0983f21d2f36580324969b86423a9e20d,"[""*""]"
,App\Models\User,23,API TOKEN,482b89db50d3772da7d4277c6e023fa522a9d8d61f6e9794626edc4d2be24c24,"[""*""]"
,App\Models\User,24,API TOKEN,7014191f54b624f929975e40d573d9acd6408823ba757039dab8cd2f71c4ae46,"[""*""]"
,App\Models\User,25,API TOKEN,df19dd4e23156af767cfd2c5437fb95ee47f23c6821627988d8e69fab3f89839,"[""*""]"
,App\Models\User,26,API TOKEN,3a5eaaf19d5523bc982fec855180f3bebdef605891d5a63d1cae4b71ac77568e,"[""*""]"
,App\Models\User,27,API TOKEN,02387a59df43eaeb45685c55d81232b0b7656721d83e8ab3acc6566a982e81ae,"[""*""]"
,App\Models\User,28,API TOKEN,ee860ade4858494575c29f9fab7cc84c4c022652499b98fea2242aa712d22a64,"[""*""]"
,App\Models\User,29,API TOKEN,7ea762061e22635572a7299b56e0be27fbe89c0d76def0cd1de9c246d731fbdc,"[""*""]"
,App\Models\User,30,API TOKEN,8f91c4e53083186c7eeef586af754dfa24eaef283ca46973f397d94099840722,"[""*""]"
,App\Models\User,31,API TOKEN,eeb7be7553434e9f051f1d16d0b231ec0e419b572de1f0fb6855f2ffc94c7eb9,"[""*""]"
,App\Models\User,32,API TOKEN,53c3a9dca62c8a21bc8925d124a2a732fac2616f55c0ea9c65258ebd9c37c70b,"[""*""]"
,App\Models\User,33,API TOKEN,9add0757235f72422e09b8bf10653545858b90cc86489fbd0473a30cd92e3ca1,"[""*""]"
,App\Models\User,34,API TOKEN,82b9528e0fd556b1ba5b9d0bc1c6c453921a1d70568b76294456479131e1bcbd,"[""*""]"
,App\Models\User,35,API TOKEN,ea0273b7ea810132036fa4b1255dd3854515b320fdc49c61ca89ed9d526261b5,"[""*""]"
,App\Models\User,36,API TOKEN,9073815351b653d4221824e3830de0ec61fe004fb397abb54a518241107c7592,"[""*""]"
,App\Models\User,37,API TOKEN,a786fc4ea16354e994918c3d83dfa43d3d291f4436c47161a7cad274a194793b,"[""*""]"
,App\Models\User,38,API TOKEN,c81ca8b090221d08f4417d19d8b292c0cf0a4f16ef08fd81edfaccf06d94406f,"[""*""]"
,App\Models\User,39,API TOKEN,15f871ab6dd63a18810f0d4610a6525b54f43e01b554c8d72031b591161bdc93,"[""*""]"
,App\Models\User,40,API TOKEN,d343970f1a9257f4a33303c69d5d3ae2406e621c15f8ae017b4a1d5e63dba84c,"[""*""]"
,App\Models\User,41,API TOKEN,e1e67d73123815126fb325040344b9785c2b30229c8c1378b032f9f801a42cb9,"[""*""]"
,App\Models\User,42,API TOKEN,bc8bd0faf05b034c815067e41d763944501cfa3b85ff97d02f116d8296763d78,"[""*""]"
,App\Models\User,43,API TOKEN,7f3bbad1f94640f4c05531dae598dbc294d229de126121f2fa2b7725f24e82a5,"[""*""]"
,App\Models\User,44,API TOKEN,18f85e10fa1af23ef2139b47dba1f7408d3dd32329543b5c7f0e1021f45fc4ae,"[""*""]"
,App\Models\User,45,API TOKEN,b14284aab7829c3dcd5646e538c46d42ec508f96022bc7b67663a706e23c955d,"[""*""]"
,App\Models\User,46,API TOKEN,7eba183fa0c64464fb6dfbb45a33cbb28816f357be53e8a10353a6b440763a57,"[""*""]"
,App\Models\User,47,API TOKEN,5c5089cb9a32414f13c8e13584cb65df68a9ee48481eed3b36fc9a39f6e68f37,"[""*""]"
,App\Models\User,48,API TOKEN,093cf9c4aa7d58f1f6f76b78d1d0e44c401384ce4ac29b92c05fd0d655bf3b67,"[""*""]"
,App\Models\User,49,API TOKEN,3879e1902b3ccdf44c5ecf34ab55b23326894f492e8fa3da53ff808859df56b1,"[""*""]"
,App\Models\User,50,API TOKEN,87677c26468112dc10d41ee105a7f4f2adaaabd59eba908af36de0ba1b1d89fc,"[""*""]"
,App\Models\User,51,API TOKEN,ba984c5c66d68fe9796e46365ff941389a010b89c85fbeb438456a1d9a0d81f8,"[""*""]"
,App\Models\User,52,API TOKEN,7af07c9da6a34adaf1ef99e81b4eb6f28391b8326e7caf9f93d00c5084a80a7c,"[""*""]"
,App\Models\User,53,API TOKEN,acfaaa218704dbf48d6f3087ef8bd2f0fd74405bc693c703c03649630baf9a7a,"[""*""]"
,App\Models\User,54,API TOKEN,cf690c0313e157153d802ea920a9d3478fd17893ae5350643964b7a729f0130d,"[""*""]"
,App\Models\User,55,API TOKEN,09fc95e23faa87c7732cb33d7f8d144f214188e7cbc4816de1ae570e5341a7eb,"[""*""]"
