id,name,shortform,email,password
,KD MAHAWANGSA,MHW,MHW@gmail.com,$2y$10$cne8DHDzRNiT2zlDDrNaleHtr9JTYymNUP0Q2PtGeJeKL0/KeZ.Uq
,KD SRI INDERA SAKTI,SIS,SIS@gmail.com,$2y$10$cne8DHDzRNiT2zlDDrNaleHtr9JTYymNUP0Q2PtGeJeKL0/KeZ.Uq
,KD JEBAT,JBT,JBT@gmail.com,$2y$10$cne8DHDzRNiT2zlDDrNaleHtr9JTYymNUP0Q2PtGeJeKL0/KeZ.Uq
,KD LEKIU,LKU,LKU@gmail.com,$2y$10$cne8DHDzRNiT2zlDDrNaleHtr9JTYymNUP0Q2PtGeJeKL0/KeZ.Uq
,KD KASTURI,KST,KST@gmail.com,$2y$10$cne8DHDzRNiT2zlDDrNaleHtr9JTYymNUP0Q2PtGeJeKL0/KeZ.Uq
,KD LEKIR,LKR,LKR@gmail.com,$2y$10$cne8DHDzRNiT2zlDDrNaleHtr9JTYymNUP0Q2PtGeJeKL0/KeZ.Uq
,KD LAKSAMANA TAN PUSMAH,LTP,LTP@gmail.com,$2y$10$cne8DHDzRNiT2zlDDrNaleHtr9JTYymNUP0Q2PtGeJeKL0/KeZ.Uq
,KD LAKSAMANA HANG NADIM,LHN,LHN@gmail.com,$2y$10$cne8DHDzRNiT2zlDDrNaleHtr9JTYymNUP0Q2PtGeJeKL0/KeZ.Uq
,KD LAKSAMANA MUHAMMAD AMIN,LMA,LMA@gmail.com,$2y$10$cne8DHDzRNiT2zlDDrNaleHtr9JTYymNUP0Q2PtGeJeKL0/KeZ.Uq
,KD LAKSAMANA TUN ABDUL JAMIL,LAJ,LAJ@gmail.com,$2y$10$cne8DHDzRNiT2zlDDrNaleHtr9JTYymNUP0Q2PtGeJeKL0/KeZ.Uq
,KD PERANTAU,PRU,PRU@gmail.com,$2y$10$cne8DHDzRNiT2zlDDrNaleHtr9JTYymNUP0Q2PtGeJeKL0/KeZ.Uq
,KD KELANTAN,KLN,KLN@gmail.com,$2y$10$cne8DHDzRNiT2zlDDrNaleHtr9JTYymNUP0Q2PtGeJeKL0/KeZ.Uq
,KD SELANGOR,SGR,SGR@gmail.com,$2y$10$cne8DHDzRNiT2zlDDrNaleHtr9JTYymNUP0Q2PtGeJeKL0/KeZ.Uq
,KD PAHANG,PHG,PHG@gmail.com,$2y$10$cne8DHDzRNiT2zlDDrNaleHtr9JTYymNUP0Q2PtGeJeKL0/KeZ.Uq
,KD PERAK,PRK,PRK@gmail.com,$2y$10$cne8DHDzRNiT2zlDDrNaleHtr9JTYymNUP0Q2PtGeJeKL0/KeZ.Uq
,KD TERENGGANU,TGU,TGU@gmail.com,$2y$10$cne8DHDzRNiT2zlDDrNaleHtr9JTYymNUP0Q2PtGeJeKL0/KeZ.Uq
,KD KEDAH,KDH,KDH@gmail.com,$2y$10$cne8DHDzRNiT2zlDDrNaleHtr9JTYymNUP0Q2PtGeJeKL0/KeZ.Uq
,KD KINABALU,KBU,KBU@gmail.com,$2y$10$cne8DHDzRNiT2zlDDrNaleHtr9JTYymNUP0Q2PtGeJeKL0/KeZ.Uq
,KD JERAI,JRI,JRI@gmail.com,$2y$10$cne8DHDzRNiT2zlDDrNaleHtr9JTYymNUP0Q2PtGeJeKL0/KeZ.Uq
,KD MAHAMIRU,MHU,MHU@gmail.com,$2y$10$cne8DHDzRNiT2zlDDrNaleHtr9JTYymNUP0Q2PtGeJeKL0/KeZ.Uq
,KD LEDANG,LDG,LDG@gmail.com,$2y$10$cne8DHDzRNiT2zlDDrNaleHtr9JTYymNUP0Q2PtGeJeKL0/KeZ.Uq
,KD HANDALAN,HDN,HDN@gmail.com,$2y$10$cne8DHDzRNiT2zlDDrNaleHtr9JTYymNUP0Q2PtGeJeKL0/KeZ.Uq
,KD GEMPITA,GMA,GMA@gmail.com,$2y$10$cne8DHDzRNiT2zlDDrNaleHtr9JTYymNUP0Q2PtGeJeKL0/KeZ.Uq
,KD PENDEKAR,PDR,PDR@gmail.com,$2y$10$cne8DHDzRNiT2zlDDrNaleHtr9JTYymNUP0Q2PtGeJeKL0/KeZ.Uq
,KD PERKASA,PRA,PRA@gmail.com,$2y$10$cne8DHDzRNiT2zlDDrNaleHtr9JTYymNUP0Q2PtGeJeKL0/KeZ.Uq
,KD PERDANA,PDA,PDA@gmail.com,$2y$10$cne8DHDzRNiT2zlDDrNaleHtr9JTYymNUP0Q2PtGeJeKL0/KeZ.Uq
,KD GANYANG,GNY,GNY@gmail.com,$2y$10$cne8DHDzRNiT2zlDDrNaleHtr9JTYymNUP0Q2PtGeJeKL0/KeZ.Uq
,KD SERANG,SRG,SRG@gmail.com,$2y$10$cne8DHDzRNiT2zlDDrNaleHtr9JTYymNUP0Q2PtGeJeKL0/KeZ.Uq
,KD GANAS,GNS,GNS@gmail.com,$2y$10$cne8DHDzRNiT2zlDDrNaleHtr9JTYymNUP0Q2PtGeJeKL0/KeZ.Uq
,KD PAUS,PUS,PUS@gmail.com,$2y$10$cne8DHDzRNiT2zlDDrNaleHtr9JTYymNUP0Q2PtGeJeKL0/KeZ.Uq
,KD YU,YUU,YUU@gmail.com,$2y$10$cne8DHDzRNiT2zlDDrNaleHtr9JTYymNUP0Q2PtGeJeKL0/KeZ.Uq
,KD BAUNG,BNG,BNG@gmail.com,$2y$10$cne8DHDzRNiT2zlDDrNaleHtr9JTYymNUP0Q2PtGeJeKL0/KeZ.Uq
,KD JERONG,JRG,JRG@gmail.com,$2y$10$cne8DHDzRNiT2zlDDrNaleHtr9JTYymNUP0Q2PtGeJeKL0/KeZ.Uq
,KD PARI,PRI,PRI@gmail.com,$2y$10$cne8DHDzRNiT2zlDDrNaleHtr9JTYymNUP0Q2PtGeJeKL0/KeZ.Uq
,KD TODAK,TDK,TDK@gmail.com,$2y$10$cne8DHDzRNiT2zlDDrNaleHtr9JTYymNUP0Q2PtGeJeKL0/KeZ.Uq
,KLD TUNAS SAMUDERA,TSA,TSA@gmail.com,$2y$10$cne8DHDzRNiT2zlDDrNaleHtr9JTYymNUP0Q2PtGeJeKL0/KeZ.Uq
,KD SRI GAYA,SGY,SGY@gmail.com,$2y$10$cne8DHDzRNiT2zlDDrNaleHtr9JTYymNUP0Q2PtGeJeKL0/KeZ.Uq
,KD SRI TIGA,STG,STG@gmail.com,$2y$10$cne8DHDzRNiT2zlDDrNaleHtr9JTYymNUP0Q2PtGeJeKL0/KeZ.Uq
,KD SRI PERLIS,SPL,SPL@gmail.com,$2y$10$cne8DHDzRNiT2zlDDrNaleHtr9JTYymNUP0Q2PtGeJeKL0/KeZ.Uq
,KD SRI JOHOR,SJH,SJH@gmail.com,$2y$10$cne8DHDzRNiT2zlDDrNaleHtr9JTYymNUP0Q2PtGeJeKL0/KeZ.Uq
,KD TUNKU ABDUL RAHMAN,TAR,TAR@gmail.com,$2y$10$cne8DHDzRNiT2zlDDrNaleHtr9JTYymNUP0Q2PtGeJeKL0/KeZ.Uq
,KD TUN RAZAK,TRZ,TRZ@gmail.com,$2y$10$cne8DHDzRNiT2zlDDrNaleHtr9JTYymNUP0Q2PtGeJeKL0/KeZ.Uq
,KD GAGAH SAMUDERA,GGH,GGH@gmail.com,$2y$10$cne8DHDzRNiT2zlDDrNaleHtr9JTYymNUP0Q2PtGeJeKL0/KeZ.Uq
,KD TEGUH SAMUDERA,TGH,TGH@gmail.com,$2y$10$cne8DHDzRNiT2zlDDrNaleHtr9JTYymNUP0Q2PtGeJeKL0/KeZ.Uq
,KD HANG TUAH,HTH,HTH@gmail.com,$2y$10$cne8DHDzRNiT2zlDDrNaleHtr9JTYymNUP0Q2PtGeJeKL0/KeZ.Uq
,KTD PENYU,PYU,PYU@gmail.com,$2y$10$cne8DHDzRNiT2zlDDrNaleHtr9JTYymNUP0Q2PtGeJeKL0/KeZ.Uq
,KA TUN AZIZAN,KTA,KTA@gmail.com,$2y$10$cne8DHDzRNiT2zlDDrNaleHtr9JTYymNUP0Q2PtGeJeKL0/KeZ.Uq
,KA BUNGA MAS LIMA,KBM,KBM@gmail.com,$2y$10$cne8DHDzRNiT2zlDDrNaleHtr9JTYymNUP0Q2PtGeJeKL0/KeZ.Uq
,KD KERIS,KRS,KRS@gmail.com,$2y$10$cne8DHDzRNiT2zlDDrNaleHtr9JTYymNUP0Q2PtGeJeKL0/KeZ.Uq
,KD SUNDANG,SDG,SDG@gmail.com,$2y$10$cne8DHDzRNiT2zlDDrNaleHtr9JTYymNUP0Q2PtGeJeKL0/KeZ.Uq
,KD BADIK,BDK,BDK@gmail.com,$2y$10$cne8DHDzRNiT2zlDDrNaleHtr9JTYymNUP0Q2PtGeJeKL0/KeZ.Uq
,KD RENCONG,RCG,RCG@gmail.com,$2y$10$cne8DHDzRNiT2zlDDrNaleHtr9JTYymNUP0Q2PtGeJeKL0/KeZ.Uq
,Admin,ADM,admin@gmail.com,$2y$10$cne8DHDzRNiT2zlDDrNaleHtr9JTYymNUP0Q2PtGeJeKL0/KeZ.Uq
